{"0": 0.4033414092469211, "1": 4.978816199376947, "2": 3.1263693270735526}