{
  "macro_f1": 0.6461,
  "f1_per_class": {
    "CLEAN": 0.9362,
    "OFFENSIVE": 0.4113,
    "HATE": 0.5909
  },
  "classification_report": {
    "CLEAN": {
      "precision": 0.9316223977027998,
      "recall": 0.9407393983327292,
      "f1-score": 0.9361587015329126,
      "support": 5518.0
    },
    "OFFENSIVE": {
      "precision": 0.43283582089552236,
      "recall": 0.3918918918918919,
      "f1-score": 0.41134751773049644,
      "support": 444.0
    },
    "HATE": {
      "precision": 0.5961538461538461,
      "recall": 0.5857558139534884,
      "f1-score": 0.5909090909090909,
      "support": 688.0
    },
    "accuracy": 0.8673684210526316,
    "macro avg": {
      "precision": 0.6535373549173894,
      "recall": 0.6394623680593698,
      "f1-score": 0.6461384367241667,
      "support": 6650.0
    },
    "weighted avg": {
      "precision": 0.8636128332564672,
      "recall": 0.8673684210526316,
      "f1-score": 0.8653996191693845,
      "support": 6650.0
    }
  },
  "confusion_matrix": [
    [
      5191,
      147,
      180
    ],
    [
      177,
      174,
      93
    ],
    [
      204,
      81,
      403
    ]
  ],
  "auc_roc_macro": 0.8788
}